{
  "$schema": "http://json-schema.org/draft-07/schema#",
  "title": "Travel Itinerary",
  "type": "object",
  "properties": {
    "title": {
      "type": "string"
    },
    "days": {
      "type": "array",
      "items": {
        "type": "object",
        "properties": {
          "day": {
            "type": "integer"
          },
          "activities": {
            "type": "array",
            "items": {
              "type": "string"
            }
          }
        },
        "required": ["day", "activities"]
      }
    }
  },
  "required": ["title", "days"]
}
